{"mean":{"confidence_interval":{"confidence_level":0.95,"lower_bound":2171123735.57,"upper_bound":2171638532.9379997},"point_estimate":2171375948.41,"standard_error":131325.57070771235},"median":{"confidence_interval":{"confidence_level":0.95,"lower_bound":2170855661.0,"upper_bound":2171656254.0},"point_estimate":2171293766.0,"standard_error":214722.51806803723},"median_abs_dev":{"confidence_interval":{"confidence_level":0.95,"lower_bound":1077251.9517749548,"upper_bound":1668783.3957731724},"point_estimate":1459332.049691677,"standard_error":159682.71639989302},"slope":null,"std_dev":{"confidence_interval":{"confidence_level":0.95,"lower_bound":1080490.3561721959,"upper_bound":1556181.7537101684},"point_estimate":1321814.4748453198,"standard_error":121745.6804387122}}