{"mean":{"confidence_interval":{"confidence_level":0.95,"lower_bound":23550418725.248497,"upper_bound":23599988542.051003},"point_estimate":23575034961.85,"standard_error":12686787.407787044},"median":{"confidence_interval":{"confidence_level":0.95,"lower_bound":23493857134.0,"upper_bound":23636410118.0},"point_estimate":23547410977.5,"standard_error":46429678.17442295},"median_abs_dev":{"confidence_interval":{"confidence_level":0.95,"lower_bound":88492398.30454588,"upper_bound":181207384.40502584},"point_estimate":148976702.50373483,"standard_error":22859971.15367794},"slope":null,"std_dev":{"confidence_interval":{"confidence_level":0.95,"lower_bound":111521455.38207556,"upper_bound":145309274.63881955},"point_estimate":127816105.51338373,"standard_error":8660816.410987528}}