{"mean":{"confidence_interval":{"confidence_level":0.95,"lower_bound":8761590223.95,"upper_bound":8775561228.11},"point_estimate":8768438095.63,"standard_error":3543696.8137772856},"median":{"confidence_interval":{"confidence_level":0.95,"lower_bound":8755893572.0,"upper_bound":8773526135.0},"point_estimate":8765808758.5,"standard_error":4594515.413418837},"median_abs_dev":{"confidence_interval":{"confidence_level":0.95,"lower_bound":24534675.195622444,"upper_bound":40061437.207454786},"point_estimate":30151204.96940911,"standard_error":3901918.027443466},"slope":null,"std_dev":{"confidence_interval":{"confidence_level":0.95,"lower_bound":29948751.085473306,"upper_bound":40959411.76288988},"point_estimate":35705535.412532106,"standard_error":2819107.9505979503}}